group_name,output_key,split,sentence,competing_formulas,competing_score,competing_scores,complexity_level,composition_preference,described_formulas,described_score,described_scores,location_score,lose_score,modifier_count,num_competing_events,num_described_events,play_score,play_toy_score,route_preference,systematicity_pattern_original,theoretical_max,theoretical_min,tokens,win_score
Word,word_group,train,boy plays soccer,(play_game charlie chess)|(play_game charlie hide_n_seek),-0.9882698655128479,-0.9808570742607117|-0.9956826567649841,Canonical,,(play_game charlie soccer),0.9349685311317444,0.9349685311317444,,,0,2,1,,,,True,1.0,-1.0,boy|plays|soccer,
Word,word_group,train,charlie plays football,(play_game charlie chess)|(play_game charlie hide_n_seek),-0.9893478751182556,-0.9823537468910217|-0.9963420033454895,Canonical,,(play_game charlie soccer),0.9405548572540283,0.9405548572540283,,,0,2,1,,,,True,1.0,-1.0,charlie|plays|football,
Word,word_group,train,football is played by charlie,(play_game charlie chess)|(play_game charlie hide_n_seek),-0.9939842224121094,-0.9932034611701965|-0.9947649836540222,Canonical,,(play_game charlie soccer),0.9298701286315918,0.9298701286315918,,,0,2,1,,,,True,1.0,-1.0,football|is|played|by|charlie,
Word,word_group,train,soccer is played by boy,(play_game charlie chess)|(play_game charlie hide_n_seek),-0.9940214157104492,-0.9934308528900146|-0.9946119785308838,Canonical,,(play_game charlie soccer),0.9260361194610596,0.9260361194610596,,,0,2,1,,,,True,1.0,-1.0,soccer|is|played|by|boy,
Word,word_group,test,boy plays football,(play_game charlie chess)|(play_game charlie hide_n_seek),-0.9894596934318542,-0.9825949668884277|-0.9963244199752808,Canonical,,(play_game charlie soccer),0.940141499042511,0.940141499042511,,,0,2,1,,,,True,1.0,-1.0,boy|plays|football,
Word,word_group,test,charlie plays soccer,(play_game charlie chess)|(play_game charlie hide_n_seek),-0.9881519377231598,-0.9805930256843567|-0.9957108497619629,Canonical,,(play_game charlie soccer),0.9353582262992859,0.9353582262992859,,,0,2,1,,,,True,1.0,-1.0,charlie|plays|soccer,
Word,word_group,test,football is played by boy,(play_game charlie chess)|(play_game charlie hide_n_seek),-0.9942488670349121,-0.9935243129730225|-0.9949734210968018,Canonical,,(play_game charlie soccer),0.927788257598877,0.927788257598877,,,0,2,1,,,,True,1.0,-1.0,football|is|played|by|boy,
Word,word_group,test,soccer is played by charlie,(play_game charlie chess)|(play_game charlie hide_n_seek),-0.9937317669391632,-0.9930809140205383|-0.9943826198577881,Canonical,,(play_game charlie soccer),0.9280110001564026,0.9280110001564026,,,0,2,1,,,,True,1.0,-1.0,soccer|is|played|by|charlie,
Sentence,sentence_group,train,boy beats sophia,(win heidi)|(win sophia)|(lose charlie),-0.8876217007637024,-0.963367223739624|-0.8503180146217346|-0.8491798639297485,Canonical,-0.004662364721298218,(win charlie)|(lose sophia)|(and (win charlie) (lose sophia)),0.787901759147644,0.8706058263778687|0.7145224213600159|0.787901759147644,,0.7145224213600159,0,3,3,,,,True,1.0,-0.9568905035654703,boy|beats|sophia,0.8706058263778687
Sentence,sentence_group,train,boy loses to sophia,(lose sophia)|(win charlie)|(win heidi),-0.937613825003306,-0.9472686648368835|-0.9196112751960754|-0.9459615349769592,Canonical,-0.024068504571914673,(win sophia)|(lose charlie)|(and (lose charlie) (win sophia)),0.8599749803543091,0.9153348207473755|0.852752149105072|0.8599749803543091,,0.852752149105072,0,3,3,,,,True,1.0,-0.9643286069234213,boy|loses|to|sophia,0.9153348207473755
Sentence,sentence_group,train,charlie beats sophia,(win heidi)|(win sophia)|(lose charlie),-0.8922257423400879,-0.9649134278297424|-0.8562600612640381|-0.8555037379264832,Canonical,-0.005415022373199463,(win charlie)|(lose sophia)|(and (win charlie) (lose sophia)),0.7903779149055481,0.8736457228660583|0.7179401516914368|0.7903779149055481,,0.7179401516914368,0,3,3,,,,True,1.0,-0.9568905035654703,charlie|beats|sophia,0.8736457228660583
Sentence,sentence_group,train,charlie loses to sophia,(lose sophia)|(win charlie)|(win heidi),-0.9368152022361755,-0.9464335441589355|-0.9199073910713196|-0.9441046714782715,Canonical,-0.024284303188323975,(win sophia)|(lose charlie)|(and (lose charlie) (win sophia)),0.859353244304657,0.9140779376029968|0.8531971573829651|0.859353244304657,,0.8531971573829651,0,3,3,,,,True,1.0,-0.9643286069234213,charlie|loses|to|sophia,0.9140779376029968
Sentence,sentence_group,train,heidi beats boy,(win charlie)|(win sophia)|(lose heidi),-0.971312959988912,-0.9541938900947571|-0.9788563847541809|-0.9808886051177979,Canonical,-0.03313654661178589,(win heidi)|(lose charlie)|(and (win heidi) (lose charlie)),0.8948994874954224,0.951921820640564|0.9041502475738525|0.8948994874954224,,0.9041502475738525,0,3,3,,,,True,1.0,-0.9862007300059,heidi|beats|boy,0.951921820640564
Sentence,sentence_group,train,heidi beats charlie,(win charlie)|(win sophia)|(lose heidi),-0.9711994131406149,-0.9534665942192078|-0.9786497950553894|-0.9814818501472473,Canonical,-0.03258872032165527,(win heidi)|(lose charlie)|(and (win heidi) (lose charlie)),0.8958784341812134,0.9513594508171082|0.9055748581886292|0.8958784341812134,,0.9055748581886292,0,3,3,,,,True,1.0,-0.9862007300059,heidi|beats|charlie,0.9513594508171082
Sentence,sentence_group,train,heidi loses to boy,(lose charlie)|(win heidi)|(win sophia),-0.886451800664266,-0.8924144506454468|-0.9683552384376526|-0.7985857129096985,Canonical,-0.0861789882183075,(win charlie)|(lose heidi)|(and (lose heidi) (win charlie)),0.6626189351081848,0.8589358329772949|0.6386600136756897|0.6626189351081848,,0.6386600136756897,0,3,3,,,,True,1.0,-0.9786379535992941,heidi|loses|to|boy,0.8589358329772949
Sentence,sentence_group,train,heidi loses to charlie,(lose charlie)|(win heidi)|(win sophia),-0.8927786350250244,-0.8933022618293762|-0.9659354090690613|-0.8190982341766357,Canonical,-0.08354270458221436,(win charlie)|(lose heidi)|(and (lose heidi) (win charlie)),0.6637453436851501,0.864101767539978|0.630474328994751|0.6637453436851501,,0.630474328994751,0,3,3,,,,True,1.0,-0.9786379535992941,heidi|loses|to|charlie,0.864101767539978
Sentence,sentence_group,train,sophia beats heidi,(win charlie)|(win heidi)|(lose sophia),-0.9782930811246237,-0.9768216609954834|-0.9800536632537842|-0.9780039191246033,Canonical,-0.033577173948287964,(win sophia)|(lose heidi)|(and (win sophia) (lose heidi)),0.89568030834198,0.937052309513092|0.9214626550674438|0.89568030834198,,0.9214626550674438,0,3,3,,,,True,1.0,-0.9908405145009359,sophia|beats|heidi,0.937052309513092
Sentence,sentence_group,train,sophia loses to heidi,(lose heidi)|(win charlie)|(win sophia),-0.9699013431866964,-0.9786368608474731|-0.9476780891418457|-0.9833890795707703,Canonical,-0.03803294897079468,(win heidi)|(lose sophia)|(and (lose sophia) (win heidi)),0.8795797824859619,0.9373829960823059|0.8978424668312073|0.8795797824859619,,0.8978424668312073,0,3,3,,,,True,1.0,-0.9834784269332886,sophia|loses|to|heidi,0.9373829960823059
Sentence,sentence_group,test,boy beats heidi,(win heidi)|(win sophia)|(lose charlie),-0.9486289421717325,-0.9816796779632568|-0.9279865622520447|-0.9362205862998962,Canonical,-0.17855522222816944,(win charlie)|(lose heidi)|(and (win charlie) (lose heidi)),0.30253756046295166,0.9290919899940491|0.03309357538819313|0.30253756046295166,,0.03309357538819313,0,3,3,,,-0.17855522222816944,True,1.0,-0.9786379535992941,boy|beats|heidi,0.9290919899940491
Sentence,sentence_group,test,boy loses to heidi,(lose heidi)|(win charlie)|(win sophia),-0.9734246929486593,-0.9796255826950073|-0.9612487554550171|-0.9793997406959534,Canonical,-0.03993195295333862,(win heidi)|(lose charlie)|(and (lose charlie) (win heidi)),0.881434440612793,0.9590758681297302|0.883656919002533|0.881434440612793,,0.883656919002533,0,3,3,,,-0.03993195295333862,True,1.0,-0.9862007300059,boy|loses|to|heidi,0.9590758681297302
Sentence,sentence_group,test,charlie beats heidi,(win heidi)|(win sophia)|(lose charlie),-0.9506532748540243,-0.9819746017456055|-0.9314388036727905|-0.9385464191436768,Canonical,-0.17862860020250082,(win charlie)|(lose heidi)|(and (win charlie) (lose heidi)),0.30115869641304016,0.9303818345069885|0.029192758724093437|0.30115869641304016,,0.029192758724093437,0,3,3,,,-0.17862860020250082,True,1.0,-0.9786379535992941,charlie|beats|heidi,0.9303818345069885
Sentence,sentence_group,test,charlie loses to heidi,(lose heidi)|(win charlie)|(win sophia),-0.973358670870463,-0.9796203374862671|-0.96126788854599|-0.9791877865791321,Canonical,-0.03977593779563904,(win heidi)|(lose charlie)|(and (lose charlie) (win heidi)),0.8818101286888123,0.9588897228240967|0.8842824101448059|0.8818101286888123,,0.8842824101448059,0,3,3,,,-0.03977593779563904,True,1.0,-0.9862007300059,charlie|loses|to|heidi,0.9588897228240967
Sentence,sentence_group,test,heidi beats sophia,(win charlie)|(win sophia)|(lose heidi),-0.9818151394526163,-0.9697175025939941|-0.9893422722816467|-0.9863856434822083,Canonical,-0.036116987466812134,(win heidi)|(lose sophia)|(and (win heidi) (lose sophia)),0.8931907415390015,0.952557384967804|0.9060580730438232|0.8931907415390015,,0.9060580730438232,0,3,3,,,-0.036116987466812134,True,1.0,-0.9834784269332886,heidi|beats|sophia,0.952557384967804
Sentence,sentence_group,test,heidi loses to sophia,(lose sophia)|(win charlie)|(win heidi),-0.982878307501475,-0.988741934299469|-0.9674158096313477|-0.9924771785736084,Canonical,-0.03135645389556885,(win sophia)|(lose heidi)|(and (lose heidi) (win sophia)),0.9141710996627808,0.9525180459022522|0.938537061214447|0.9141710996627808,,0.938537061214447,0,3,3,,,-0.03135645389556885,True,1.0,-0.9908405145009359,heidi|loses|to|sophia,0.9525180459022522
Sentence,sentence_group,test,sophia beats boy,(win charlie)|(win heidi)|(lose sophia),-0.8750688831011454,-0.7856988310813904|-0.9234427809715271|-0.9160650372505188,Canonical,-0.0359112024307251,(win sophia)|(lose charlie)|(and (win sophia) (lose charlie)),0.7603656649589539,0.8711318373680115|0.7214218974113464|0.7603656649589539,,0.7214218974113464,0,3,3,,,-0.0359112024307251,True,1.0,-0.9643286069234213,sophia|beats|boy,0.8711318373680115
Sentence,sentence_group,test,sophia beats charlie,(win charlie)|(win heidi)|(lose sophia),-0.8700505495071411,-0.7806185483932495|-0.9162313342094421|-0.9133017659187317,Canonical,-0.03630051016807556,(win sophia)|(lose charlie)|(and (win sophia) (lose charlie)),0.7569507360458374,0.8641353249549866|0.7223671674728394|0.7569507360458374,,0.7223671674728394,0,3,3,,,-0.03630051016807556,True,1.0,-0.9643286069234213,sophia|beats|charlie,0.8641353249549866
Sentence,sentence_group,test,sophia loses to boy,(lose charlie)|(win heidi)|(win sophia),-0.9130587577819824,-0.877214789390564|-0.8975047469139099|-0.9644567370414734,Canonical,-0.041861891746520996,(win charlie)|(lose sophia)|(and (lose sophia) (win charlie)),0.760044276714325,0.8963291049003601|0.7074832320213318|0.760044276714325,,0.7074832320213318,0,3,3,,,-0.041861891746520996,True,1.0,-0.9568905035654703,sophia|loses|to|boy,0.8963291049003601
Sentence,sentence_group,test,sophia loses to charlie,(lose charlie)|(win heidi)|(win sophia),-0.9168023467063904,-0.882952094078064|-0.903426468372345|-0.9640284776687622,Canonical,-0.03964000940322876,(win charlie)|(lose sophia)|(and (lose sophia) (win charlie)),0.7663877010345459,0.8989042043685913|0.713151216506958|0.7663877010345459,,0.713151216506958,0,3,3,,,-0.03964000940322876,True,1.0,-0.9568905035654703,sophia|loses|to|charlie,0.8989042043685913
Complex_Event,complex_event,train,boy plays chess in bedroom,(play_game charlie hide_n_seek)|(location charlie playground),-0.8280435800552368,-0.99696946144104|-0.6591176986694336,Canonical,-0.017675548791885376,(play_game charlie chess)|(location charlie bedroom)|(and (play_game charlie chess) (location charlie bedroom)),0.9000420570373535,0.960120677947998|0.8753145337104797|0.9000420570373535,0.8753145337104797,,1,2,3,0.960120677947998,,,True,1.0,-0.8382396101951599,boy|plays|chess|in|bedroom,
Complex_Event,complex_event,train,boy plays chess inside,(play_game charlie hide_n_seek)|(location charlie playground),-0.8009140491485596,-0.9938847422599792|-0.6079433560371399,Canonical,0.029360830783843994,"(play_game charlie chess)|(or (location charlie bathroom) (location charlie bedroom))|(or (and (play_game charlie chess) (location charlie bathroom))
    (and (play_game charlie chess) (location charlie bedroom)))",0.878266453742981,0.9413767457008362|0.7564345002174377|0.878266453742981,0.7564345002174377,,1,2,3,0.9413767457008362,,,True,1.0,-0.8350906670093536,boy|plays|chess|inside,
Complex_Event,complex_event,train,boy plays hide-and-seek in playground,(play_game charlie chess)|(location charlie bathroom)|(location charlie bedroom),-0.7937587896982828,-0.9820399880409241|-0.572438657283783|-0.8267977237701416,Canonical,-0.08824753761291504,(play_game charlie hide_n_seek)|(location charlie playground)|(and (play_game charlie hide_n_seek) (location charlie playground)),0.7059117555618286,0.8197752237319946|0.7685433626174927|0.7059117555618286,0.7685433626174927,,1,3,3,0.8197752237319946,,,True,1.0,-0.8122573892275492,boy|plays|hide-and-seek|in|playground,
Complex_Event,complex_event,train,boy plays hide-and-seek outside,(play_game charlie chess)|(location charlie bathroom)|(location charlie bedroom)|(play_game charlie soccer),-0.840228945016861,-0.9929531812667847|-0.5761966109275818|-0.8130387663841248|-0.9787272214889526,Canonical,-0.07402688264846802,"(play_game charlie hide_n_seek)|(or (location charlie playground) (location charlie street))|(or (and (play_game charlie hide_n_seek) (location charlie playground))
    (and (play_game charlie hide_n_seek) (location charlie street)))",0.7026668190956116,0.8293170928955078|0.7240703105926514|0.7026668190956116,0.7240703105926514,,1,4,3,0.8293170928955078,,,True,1.0,-0.8591746687889099,boy|plays|hide-and-seek|outside,
Complex_Event,complex_event,train,charlie plays chess in bedroom,(play_game charlie hide_n_seek)|(location charlie playground),-0.8286005258560181,-0.997007429599762|-0.6601936221122742,Canonical,-0.017574816942214966,(play_game charlie chess)|(location charlie bedroom)|(and (play_game charlie chess) (location charlie bedroom)),0.9013525247573853,0.9614213109016418|0.8764333724975586|0.9013525247573853,0.8764333724975586,,1,2,3,0.9614213109016418,,,True,1.0,-0.8382396101951599,charlie|plays|chess|in|bedroom,
Complex_Event,complex_event,train,charlie plays chess inside,(play_game charlie hide_n_seek)|(location charlie playground),-0.8029181957244873,-0.9938943386077881|-0.6119420528411865,Canonical,0.028832346200942993,"(play_game charlie chess)|(or (location charlie bathroom) (location charlie bedroom))|(or (and (play_game charlie chess) (location charlie bathroom))
    (and (play_game charlie chess) (location charlie bedroom)))",0.8802008032798767,0.9430321455001831|0.7597047686576843|0.8802008032798767,0.7597047686576843,,1,2,3,0.9430321455001831,,,True,1.0,-0.8350906670093536,charlie|plays|chess|inside,
Complex_Event,complex_event,train,charlie plays hide-and-seek in playground,(play_game charlie chess)|(location charlie bathroom)|(location charlie bedroom),-0.7956300576527914,-0.9817896485328674|-0.5759570002555847|-0.8291435241699219,Canonical,-0.08759516477584839,(play_game charlie hide_n_seek)|(location charlie playground)|(and (play_game charlie hide_n_seek) (location charlie playground)),0.7076588869094849,0.8196547031402588|0.7708534002304077|0.7076588869094849,0.7708534002304077,,1,3,3,0.8196547031402588,,,True,1.0,-0.8122573892275492,charlie|plays|hide-and-seek|in|playground,
Complex_Event,complex_event,train,charlie plays hide-and-seek outside,(play_game charlie chess)|(location charlie bathroom)|(location charlie bedroom)|(play_game charlie soccer),-0.8410182297229767,-0.9928256869316101|-0.577547013759613|-0.8139815926551819|-0.9797186255455017,Canonical,-0.07377824187278748,"(play_game charlie hide_n_seek)|(or (location charlie playground) (location charlie street))|(or (and (play_game charlie hide_n_seek) (location charlie playground))
    (and (play_game charlie hide_n_seek) (location charlie street)))",0.7034163475036621,0.8292445540428162|0.725144624710083|0.7034163475036621,0.725144624710083,,1,4,3,0.8292445540428162,,,True,1.0,-0.8591746687889099,charlie|plays|hide-and-seek|outside,
Complex_Event,complex_event,train,chess is played by boy in bedroom,(play_game charlie hide_n_seek)|(location charlie playground),-0.810020387172699,-0.9892228245735168|-0.6308179497718811,Canonical,-0.015333622694015503,(play_game charlie chess)|(location charlie bedroom)|(and (play_game charlie chess) (location charlie bedroom)),0.8699808716773987,0.9286039471626282|0.8420250415802002|0.8699808716773987,0.8420250415802002,,1,2,3,0.9286039471626282,,,True,1.0,-0.8382396101951599,chess|is|played|by|boy|in|bedroom,
Complex_Event,complex_event,train,chess is played by boy inside,(play_game charlie hide_n_seek)|(location charlie playground),-0.7838523387908936,-0.9840133190155029|-0.5836913585662842,Canonical,0.03485116362571716,"(play_game charlie chess)|(or (location charlie bathroom) (location charlie bedroom))|(or (and (play_game charlie chess) (location charlie bathroom))
    (and (play_game charlie chess) (location charlie bedroom)))",0.8484721183776855,0.9033042192459106|0.7239376902580261|0.8484721183776855,0.7239376902580261,,1,2,3,0.9033042192459106,,,True,1.0,-0.8350906670093536,chess|is|played|by|boy|inside,
Complex_Event,complex_event,train,chess is played by charlie in bedroom,(play_game charlie hide_n_seek)|(location charlie playground),-0.8070701360702515,-0.9884392023086548|-0.6257010698318481,Canonical,-0.015792548656463623,(play_game charlie chess)|(location charlie bedroom)|(and (play_game charlie chess) (location charlie bedroom)),0.8707415461540222,0.9309554696083069|0.8421127200126648|0.8707415461540222,0.8421127200126648,,1,2,3,0.9309554696083069,,,True,1.0,-0.8382396101951599,chess|is|played|by|charlie|in|bedroom,
Complex_Event,complex_event,train,chess is played by charlie inside,(play_game charlie hide_n_seek)|(location charlie playground),-0.7856718897819519,-0.9818421006202698|-0.589501678943634,Canonical,0.03286474943161011,"(play_game charlie chess)|(or (location charlie bathroom) (location charlie bedroom))|(or (and (play_game charlie chess) (location charlie bathroom))
    (and (play_game charlie chess) (location charlie bedroom)))",0.8531912565231323,0.9092989563941956|0.7313540577888489|0.8531912565231323,0.7313540577888489,,1,2,3,0.9092989563941956,,,True,1.0,-0.8350906670093536,chess|is|played|by|charlie|inside,
Complex_Event,complex_event,train,chess is played by heidi in bedroom,(play_game heidi hide_n_seek)|(location heidi playground),-0.955546498298645,-0.9939014315605164|-0.9171915650367737,Canonical,-0.02559506893157959,(play_game heidi chess)|(location heidi bedroom)|(and (play_game heidi chess) (location heidi bedroom)),0.9343353509902954,0.9581534266471863|0.9617074131965637|0.9343353509902954,0.9617074131965637,,1,2,3,0.9581534266471863,,,True,1.0,-0.9640668332576752,chess|is|played|by|heidi|in|bedroom,
Complex_Event,complex_event,train,chess is played by heidi inside,(play_game heidi hide_n_seek)|(location heidi playground),-0.964669942855835,-0.9970851540565491|-0.9322547316551208,Canonical,-0.023168504238128662,"(play_game heidi chess)|(or (location heidi bathroom) (location heidi bedroom))|(or (and (play_game heidi chess) (location heidi bathroom))
    (and (play_game heidi chess) (location heidi bedroom)))",0.935057520866394,0.9538134932518005|0.9626385569572449|0.935057520866394,0.9626385569572449,,1,2,3,0.9538134932518005,,,True,1.0,-0.963991791009903,chess|is|played|by|heidi|inside,
Complex_Event,complex_event,train,chess is played by sophia in bedroom,(play_game sophia hide_n_seek)|(location sophia playground),-0.8944562375545502,-0.9827417135238647|-0.8061707615852356,Canonical,-0.04643180966377258,(play_game sophia chess)|(location sophia bedroom)|(and (play_game sophia chess) (location sophia bedroom)),0.8791540861129761,0.9418681859970093|0.909303605556488|0.8791540861129761,0.909303605556488,,1,2,3,0.9418681859970093,,,True,1.0,-0.9356299340724945,chess|is|played|by|sophia|in|bedroom,
Complex_Event,complex_event,train,chess is played by sophia inside,(play_game sophia hide_n_seek)|(location sophia playground),-0.8939855098724365,-0.9881935715675354|-0.7997774481773376,Canonical,-0.037199437618255615,"(play_game sophia chess)|(or (location sophia bathroom) (location sophia bedroom))|(or (and (play_game sophia chess) (location sophia bathroom))
    (and (play_game sophia chess) (location sophia bedroom)))",0.8781975507736206,0.9445781111717224|0.88621586561203|0.8781975507736206,0.88621586561203,,1,2,3,0.9445781111717224,,,True,1.0,-0.9356296062469482,chess|is|played|by|sophia|inside,
Complex_Event,complex_event,train,heidi plays chess in bedroom,(play_game heidi hide_n_seek)|(location heidi playground),-0.9685882925987244,-0.9915428757667542|-0.9456337094306946,Canonical,-0.02135065197944641,(play_game heidi chess)|(location heidi bedroom)|(and (play_game heidi chess) (location heidi bedroom)),0.9464649558067322,0.9607658386230469|0.9748653769493103|0.9464649558067322,0.9748653769493103,,1,2,3,0.9607658386230469,,,True,1.0,-0.9640668332576752,heidi|plays|chess|in|bedroom,
Complex_Event,complex_event,train,heidi plays chess inside,(play_game heidi hide_n_seek)|(location heidi playground),-0.9702167809009552,-0.994274377822876|-0.9461591839790344,Canonical,-0.018047749996185303,"(play_game heidi chess)|(or (location heidi bathroom) (location heidi bedroom))|(or (and (play_game heidi chess) (location heidi bathroom))
    (and (play_game heidi chess) (location heidi bedroom)))",0.949586808681488,0.9648338556289673|0.9704352617263794|0.949586808681488,0.9704352617263794,,1,2,3,0.9648338556289673,,,True,1.0,-0.963991791009903,heidi|plays|chess|inside,
Complex_Event,complex_event,train,heidi plays hide-and-seek in playground,(play_game heidi chess)|(location heidi bathroom)|(location heidi bedroom),-0.8833033243815104,-0.9933257699012756|-0.7662916779518127|-0.8902925252914429,Canonical,-0.03600534796714783,(play_game heidi hide_n_seek)|(location heidi playground)|(and (play_game heidi hide_n_seek) (location heidi playground)),0.8908596634864807,0.948462963104248|0.905267059803009|0.8908596634864807,0.905267059803009,,1,3,3,0.948462963104248,,,True,1.0,-0.8769794901212057,heidi|plays|hide-and-seek|in|playground,
Complex_Event,complex_event,train,heidi plays hide-and-seek outside,(play_game heidi chess)|(location heidi bathroom)|(location heidi bedroom)|(play_game heidi soccer),-0.9051773399114609,-0.9966898560523987|-0.7463492155075073|-0.8820672035217285|-0.995603084564209,Canonical,-0.003174006938934326,"(play_game heidi hide_n_seek)|(or (location heidi playground) (location heidi street))|(or (and (play_game heidi hide_n_seek) (location heidi playground))
    (and (play_game heidi hide_n_seek) (location heidi street)))",0.8831484913825989,0.945256233215332|0.8273887634277344|0.8831484913825989,0.8273887634277344,,1,4,3,0.945256233215332,,,True,1.0,-0.9053597003221512,heidi|plays|hide-and-seek|outside,
Complex_Event,complex_event,train,hide-and-seek is played by boy in playground,(play_game charlie chess)|(location charlie bathroom)|(location charlie bedroom),-0.7789795597394308,-0.9801720380783081|-0.5549706816673279|-0.8017959594726562,Canonical,-0.09550309181213379,(play_game charlie hide_n_seek)|(location charlie playground)|(and (play_game charlie hide_n_seek) (location charlie playground)),0.6959382891654968,0.8316422700881958|0.7512404918670654|0.6959382891654968,0.7512404918670654,,1,3,3,0.8316422700881958,,,True,1.0,-0.8122573892275492,hide-and-seek|is|played|by|boy|in|playground,
Complex_Event,complex_event,train,hide-and-seek is played by boy outside,(play_game charlie chess)|(location charlie bathroom)|(location charlie bedroom)|(play_game charlie soccer),-0.8494150638580322,-0.9934387803077698|-0.6000576615333557|-0.8197887539863586|-0.9843750596046448,Canonical,-0.07231974601745605,"(play_game charlie hide_n_seek)|(or (location charlie playground) (location charlie street))|(or (and (play_game charlie hide_n_seek) (location charlie playground))
    (and (play_game charlie hide_n_seek) (location charlie street)))",0.7166579961776733,0.8405430912971497|0.7374123930931091|0.7166579961776733,0.7374123930931091,,1,4,3,0.8405430912971497,,,True,1.0,-0.8591746687889099,hide-and-seek|is|played|by|boy|outside,
Complex_Event,complex_event,train,hide-and-seek is played by charlie in playground,(play_game charlie chess)|(location charlie bathroom)|(location charlie bedroom),-0.7811332543691,-0.9795226454734802|-0.557159960269928|-0.8067171573638916,Canonical,-0.09472480416297913,(play_game charlie hide_n_seek)|(location charlie playground)|(and (play_game charlie hide_n_seek) (location charlie playground)),0.6978966593742371,0.8307614326477051|0.7544814944267273|0.6978966593742371,0.7544814944267273,,1,3,3,0.8307614326477051,,,True,1.0,-0.8122573892275492,hide-and-seek|is|played|by|charlie|in|playground,
Complex_Event,complex_event,train,hide-and-seek is played by charlie outside,(play_game charlie chess)|(location charlie bathroom)|(location charlie bedroom)|(play_game charlie soccer),-0.8494893014431,-0.9929105043411255|-0.5989406704902649|-0.8203291296958923|-0.9857769012451172,Canonical,-0.07250192761421204,"(play_game charlie hide_n_seek)|(or (location charlie playground) (location charlie street))|(or (and (play_game charlie hide_n_seek) (location charlie playground))
    (and (play_game charlie hide_n_seek) (location charlie street)))",0.7160831093788147,0.8398736715316772|0.7372964024543762|0.7160831093788147,0.7372964024543762,,1,4,3,0.8398736715316772,,,True,1.0,-0.8591746687889099,hide-and-seek|is|played|by|charlie|outside,
Complex_Event,complex_event,train,hide-and-seek is played by heidi in playground,(play_game heidi chess)|(location heidi bathroom)|(location heidi bedroom),-0.8804908593495687,-0.9928922653198242|-0.7628421187400818|-0.8857381939888,Canonical,-0.03674638271331787,(play_game heidi hide_n_seek)|(location heidi playground)|(and (play_game heidi hide_n_seek) (location heidi playground)),0.8885411620140076,0.9477310180664062|0.9028440713882446|0.8885411620140076,0.9028440713882446,,1,3,3,0.9477310180664062,,,True,1.0,-0.8769794901212057,hide-and-seek|is|played|by|heidi|in|playground,
Complex_Event,complex_event,train,hide-and-seek is played by heidi outside,(play_game heidi chess)|(location heidi bathroom)|(location heidi bedroom)|(play_game heidi soccer),-0.9088572710752487,-0.9969689846038818|-0.7555254101753235|-0.8866879343986511|-0.9962467551231384,Canonical,-0.003522217273712158,"(play_game heidi hide_n_seek)|(or (location heidi playground) (location heidi street))|(or (and (play_game heidi hide_n_seek) (location heidi playground))
    (and (play_game heidi hide_n_seek) (location heidi street)))",0.8829984664916992,0.9398741126060486|0.8331672549247742|0.8829984664916992,0.8331672549247742,,1,4,3,0.9398741126060486,,,True,1.0,-0.9053597003221512,hide-and-seek|is|played|by|heidi|outside,
Complex_Event,complex_event,train,hide-and-seek is played by sophia in playground,(play_game sophia chess)|(location sophia bathroom)|(location sophia bedroom),-0.8942631681760153,-0.9923943281173706|-0.7762683629989624|-0.9141268134117126,Canonical,-0.03495776653289795,(play_game sophia hide_n_seek)|(location sophia playground)|(and (play_game sophia hide_n_seek) (location sophia playground)),0.8897649049758911,0.9278698563575745|0.9215754866600037|0.8897649049758911,0.9215754866600037,,1,3,3,0.9278698563575745,,,True,1.0,-0.8894106944402059,hide-and-seek|is|played|by|sophia|in|playground,
Complex_Event,complex_event,train,hide-and-seek is played by sophia outside,(play_game sophia chess)|(location sophia bathroom)|(location sophia bedroom)|(play_game sophia soccer),-0.9199902713298798,-0.9959719777107239|-0.7796491384506226|-0.9079055786132812|-0.9964343905448914,Canonical,-0.005181342363357544,"(play_game sophia hide_n_seek)|(or (location sophia playground) (location sophia street))|(or (and (play_game sophia hide_n_seek) (location sophia playground))
    (and (play_game sophia hide_n_seek) (location sophia street)))",0.8899792432785034,0.9298797845840454|0.8604413866996765|0.8899792432785034,0.8604413866996765,,1,4,3,0.9298797845840454,,,True,1.0,-0.9113074690103531,hide-and-seek|is|played|by|sophia|outside,
Complex_Event,complex_event,train,sophia plays chess in bedroom,(play_game sophia hide_n_seek)|(location sophia playground),-0.9138877689838409,-0.9856511950492859|-0.842124342918396,Canonical,-0.04002419114112854,(play_game sophia chess)|(location sophia bedroom)|(and (play_game sophia chess) (location sophia bedroom)),0.8985686302185059,0.9500883221626282|0.9270973205566406|0.8985686302185059,0.9270973205566406,,1,2,3,0.9500883221626282,,,True,1.0,-0.9356299340724945,sophia|plays|chess|in|bedroom,
Complex_Event,complex_event,train,sophia plays chess inside,(play_game sophia hide_n_seek)|(location sophia playground),-0.8933877050876617,-0.9856455326080322|-0.8011298775672913,Canonical,-0.037533074617385864,"(play_game sophia chess)|(or (location sophia bathroom) (location sophia bedroom))|(or (and (play_game sophia chess) (location sophia bathroom))
    (and (play_game sophia chess) (location sophia bedroom)))",0.8826518058776855,0.9494275450706482|0.8909422159194946|0.8826518058776855,0.8909422159194946,,1,2,3,0.9494275450706482,,,True,1.0,-0.9356296062469482,sophia|plays|chess|inside,
Complex_Event,complex_event,train,sophia plays hide-and-seek in playground,(play_game sophia chess)|(location sophia bathroom)|(location sophia bedroom),-0.90049809217453,-0.9925165772438049|-0.7878698706626892|-0.921107828617096,Canonical,-0.03411087393760681,(play_game sophia hide_n_seek)|(location sophia playground)|(and (play_game sophia hide_n_seek) (location sophia playground)),0.8906436562538147,0.9234288334846497|0.9260802268981934|0.8906436562538147,0.9260802268981934,,1,3,3,0.9234288334846497,,,True,1.0,-0.8894106944402059,sophia|plays|hide-and-seek|in|playground,
Complex_Event,complex_event,train,sophia plays hide-and-seek outside,(play_game sophia chess)|(location sophia bathroom)|(location sophia bedroom)|(play_game sophia soccer),-0.9244455397129059,-0.9931886792182922|-0.7969733476638794|-0.9139440655708313|-0.9936760663986206,Canonical,-0.006664663553237915,"(play_game sophia hide_n_seek)|(or (location sophia playground) (location sophia street))|(or (and (play_game sophia hide_n_seek) (location sophia playground))
    (and (play_game sophia hide_n_seek) (location sophia street)))",0.8900966048240662,0.9234678745269775|0.8700546622276306|0.8900966048240662,0.8700546622276306,,1,4,3,0.9234678745269775,,,True,1.0,-0.9113074690103531,sophia|plays|hide-and-seek|outside,
Complex_Event,complex_event,test,boy plays chess in playground,(play_game charlie hide_n_seek)|(location charlie bedroom),-0.4869998646900058,-0.9884002804756165|0.014400551095604897,Canonical,-0.17755447328090668,(play_game charlie chess)|(location charlie playground)|(and (play_game charlie chess) (location charlie playground)),0.5250520706176758,0.9622918367385864|0.4429212510585785|0.5250520706176758,0.4429212510585785,,1,2,3,0.9622918367385864,,,True,1.0,-0.8803514838218689,boy|plays|chess|in|playground,
Complex_Event,complex_event,test,boy plays chess outside,(play_game charlie hide_n_seek)|(location charlie bedroom)|(play_game charlie soccer),-0.6320551733175913,-0.9937134981155396|0.07015290856361389|-0.9726049304008484,Canonical,-0.15236890316009521,"(play_game charlie chess)|(or (location charlie playground) (location charlie street))|(or (and (play_game charlie chess) (location charlie playground))
    (and (play_game charlie chess) (location charlie street)))",0.4044198989868164,0.8484678268432617|0.2651097774505615|0.4044198989868164,0.2651097774505615,,1,3,3,0.8484678268432617,,,True,1.0,-0.9176417191823324,boy|plays|chess|outside,
Complex_Event,complex_event,test,boy plays hide-and-seek in bathroom,(location charlie playground),-0.7529398202896118,-0.7529398202896118,Canonical,-0.06257426738739014,(play_game charlie hide_n_seek)|(location charlie bathroom)|(and (play_game charlie hide_n_seek) (location charlie bathroom)),0.8349399566650391,0.941774845123291|0.8532536029815674|0.8349399566650391,0.8532536029815674,,1,1,3,0.941774845123291,,,True,1.0,-0.7693131566047668,boy|plays|hide-and-seek|in|bathroom,
Complex_Event,complex_event,test,boy plays hide-and-seek in bedroom,(play_game charlie chess)|(location charlie playground),-0.8333754241466522,-0.9480705857276917|-0.7186802625656128,Canonical,-0.04419425129890442,(play_game charlie hide_n_seek)|(location charlie bedroom)|(and (play_game charlie hide_n_seek) (location charlie bedroom)),0.7899593710899353,0.9389136433601379|0.7293936014175415|0.7899593710899353,0.7293936014175415,,1,2,3,0.9389136433601379,,,True,1.0,-0.9078514575958252,boy|plays|hide-and-seek|in|bedroom,
Complex_Event,complex_event,test,boy plays hide-and-seek in shower,(location charlie playground),-0.7428309917449951,-0.7428309917449951,Canonical,-0.06507545709609985,(play_game charlie hide_n_seek)|(location charlie bathroom)|(and (play_game charlie hide_n_seek) (location charlie bathroom)),0.8293080925941467,0.9429723620414734|0.8457947373390198|0.8293080925941467,0.8457947373390198,,1,1,3,0.9429723620414734,,,True,1.0,-0.7693131566047668,boy|plays|hide-and-seek|in|shower,
Complex_Event,complex_event,test,boy plays hide-and-seek inside,(location charlie playground)|(play_game charlie chess),-0.8676348924636841,-0.7706412076950073|-0.9646285772323608,Canonical,-0.006643235683441162,"(play_game charlie hide_n_seek)|(or (location charlie bathroom) (location charlie bedroom))|(or (and (play_game charlie hide_n_seek) (location charlie bathroom))
    (and (play_game charlie hide_n_seek) (location charlie bedroom)))",0.8694974780082703,0.943269670009613|0.8090117573738098|0.8694974780082703,0.8090117573738098,,1,2,3,0.943269670009613,,,True,1.0,-0.8985896706581116,boy|plays|hide-and-seek|inside,
Complex_Event,complex_event,test,charlie plays chess in playground,(play_game charlie hide_n_seek)|(location charlie bedroom),-0.48430913127958775,-0.9885582327842712|0.01993997022509575,Canonical,-0.1787974238395691,(play_game charlie chess)|(location charlie playground)|(and (play_game charlie chess) (location charlie playground)),0.5223565697669983,0.9629340171813965|0.4393739700317383|0.5223565697669983,0.4393739700317383,,1,2,3,0.9629340171813965,,,True,1.0,-0.8803514838218689,charlie|plays|chess|in|playground,
Complex_Event,complex_event,test,charlie plays chess outside,(play_game charlie hide_n_seek)|(location charlie bedroom)|(play_game charlie soccer),-0.6318275357286135,-0.9937466979026794|0.07109271734952927|-0.9728286266326904,Canonical,-0.15175959467887878,"(play_game charlie chess)|(or (location charlie playground) (location charlie street))|(or (and (play_game charlie chess) (location charlie playground))
    (and (play_game charlie chess) (location charlie street)))",0.4057304263114929,0.8504140377044678|0.26456600427627563|0.4057304263114929,0.26456600427627563,,1,3,3,0.8504140377044678,,,True,1.0,-0.9176417191823324,charlie|plays|chess|outside,
Complex_Event,complex_event,test,charlie plays hide-and-seek in bathroom,(location charlie playground),-0.7560222744941711,-0.7560222744941711,Canonical,-0.06198155879974365,(play_game charlie hide_n_seek)|(location charlie bathroom)|(and (play_game charlie hide_n_seek) (location charlie bathroom)),0.8364452719688416,0.9421684741973877|0.8546851873397827|0.8364452719688416,0.8546851873397827,,1,1,3,0.9421684741973877,,,True,1.0,-0.7693131566047668,charlie|plays|hide-and-seek|in|bathroom,
Complex_Event,complex_event,test,charlie plays hide-and-seek in bedroom,(play_game charlie chess)|(location charlie playground),-0.8336567878723145,-0.9472535848617554|-0.7200599908828735,Canonical,-0.044091612100601196,(play_game charlie hide_n_seek)|(location charlie bedroom)|(and (play_game charlie hide_n_seek) (location charlie bedroom)),0.7904979586601257,0.9386946558952332|0.7304844856262207|0.7904979586601257,0.7304844856262207,,1,2,3,0.9386946558952332,,,True,1.0,-0.9078514575958252,charlie|plays|hide-and-seek|in|bedroom,
Complex_Event,complex_event,test,charlie plays hide-and-seek in shower,(location charlie playground),-0.7458767890930176,-0.7458767890930176,Canonical,-0.06450280547142029,(play_game charlie hide_n_seek)|(location charlie bathroom)|(and (play_game charlie hide_n_seek) (location charlie bathroom)),0.8307514190673828,0.9433468580245972|0.847161591053009|0.8307514190673828,0.847161591053009,,1,1,3,0.9433468580245972,,,True,1.0,-0.7693131566047668,charlie|plays|hide-and-seek|in|shower,
Complex_Event,complex_event,test,charlie plays hide-and-seek inside,(location charlie playground)|(play_game charlie chess),-0.8679596185684204,-0.7718698382377625|-0.9640493988990784,Canonical,-0.006699860095977783,"(play_game charlie hide_n_seek)|(or (location charlie bathroom) (location charlie bedroom))|(or (and (play_game charlie hide_n_seek) (location charlie bathroom))
    (and (play_game charlie hide_n_seek) (location charlie bedroom)))",0.8696842193603516,0.9432321190834045|0.8095360398292542|0.8696842193603516,0.8095360398292542,,1,2,3,0.9432321190834045,,,True,1.0,-0.8985896706581116,charlie|plays|hide-and-seek|inside,
Complex_Event,complex_event,test,chess is played by boy in playground,(play_game charlie hide_n_seek)|(location charlie bedroom),-0.4749643821269274,-0.9863085150718689|0.036379750818014145,Canonical,-0.18384119868278503,(play_game charlie chess)|(location charlie playground)|(and (play_game charlie chess) (location charlie playground)),0.5168537497520447,0.9694480299949646|0.4319418668746948|0.5168537497520447,0.4319418668746948,,1,2,3,0.9694480299949646,,,True,1.0,-0.8803514838218689,chess|is|played|by|boy|in|playground,
Complex_Event,complex_event,test,chess is played by boy outside,(play_game charlie hide_n_seek)|(location charlie bedroom)|(play_game charlie soccer),-0.6205358058214188,-0.9965344667434692|0.10235919058322906|-0.9674321413040161,Canonical,-0.15677706897258759,"(play_game charlie chess)|(or (location charlie playground) (location charlie street))|(or (and (play_game charlie chess) (location charlie playground))
    (and (play_game charlie chess) (location charlie street)))",0.413374125957489,0.8905467987060547|0.2497555911540985|0.413374125957489,0.2497555911540985,,1,3,3,0.8905467987060547,,,True,1.0,-0.9176417191823324,chess|is|played|by|boy|outside,
Complex_Event,complex_event,test,chess is played by charlie in playground,(play_game charlie hide_n_seek)|(location charlie bedroom),-0.4662671945989132,-0.9856782555580139|0.05314386636018753,Canonical,-0.18809309601783752,(play_game charlie chess)|(location charlie playground)|(and (play_game charlie chess) (location charlie playground)),0.5066766142845154,0.9691624641418457|0.4203769564628601|0.5066766142845154,0.4203769564628601,,1,2,3,0.9691624641418457,,,True,1.0,-0.8803514838218689,chess|is|played|by|charlie|in|playground,
Complex_Event,complex_event,test,chess is played by charlie outside,(play_game charlie hide_n_seek)|(location charlie bedroom)|(play_game charlie soccer),-0.6200608089566231,-0.9962442517280579|0.10110453516244888|-0.9650427103042603,Canonical,-0.15830615162849426,"(play_game charlie chess)|(or (location charlie playground) (location charlie street))|(or (and (play_game charlie chess) (location charlie playground))
    (and (play_game charlie chess) (location charlie street)))",0.4127810597419739,0.8905754089355469|0.2515990138053894|0.4127810597419739,0.2515990138053894,,1,3,3,0.8905754089355469,,,True,1.0,-0.9176417191823324,chess|is|played|by|charlie|outside,
Complex_Event,complex_event,test,chess is played by heidi in playground,(play_game heidi hide_n_seek)|(location heidi bedroom),-0.5375971496105194,-0.7711254358291626|-0.3040688633918762,Canonical,-0.11903506517410278,(play_game heidi chess)|(location heidi playground)|(and (play_game heidi chess) (location heidi playground)),0.6694564819335938,0.8390578627586365|0.7379252314567566|0.6694564819335938,0.7379252314567566,,1,2,3,0.8390578627586365,,,True,1.0,-0.9672324359416962,chess|is|played|by|heidi|in|playground,
Complex_Event,complex_event,test,chess is played by heidi outside,(play_game heidi hide_n_seek)|(location heidi bedroom)|(play_game heidi soccer),-0.7028862237930298,-0.9796820282936096|-0.14905977249145508|-0.9799168705940247,Canonical,0.019126713275909424,"(play_game heidi chess)|(or (location heidi playground) (location heidi street))|(or (and (play_game heidi chess) (location heidi playground))
    (and (play_game heidi chess) (location heidi street)))",0.728087306022644,0.9493576288223267|0.4685635566711426|0.728087306022644,0.4685635566711426,,1,3,3,0.9493576288223267,,,True,1.0,-0.9781301816304525,chess|is|played|by|heidi|outside,
Complex_Event,complex_event,test,chess is played by sophia in playground,(play_game sophia hide_n_seek)|(location sophia bedroom),-0.3099481211975217,-0.6290764212608337|0.009180178865790367,Canonical,-0.16606947779655457,(play_game sophia chess)|(location sophia playground)|(and (play_game sophia chess) (location sophia playground)),0.5375921130180359,0.7824152112007141|0.6249079704284668|0.5375921130180359,0.6249079704284668,,1,2,3,0.7824152112007141,,,True,1.0,-0.9285653531551361,chess|is|played|by|sophia|in|playground,
Complex_Event,complex_event,test,chess is played by sophia outside,(play_game sophia hide_n_seek)|(location sophia bedroom)|(play_game sophia soccer),-0.6555949561297894,-0.9623638987541199|-0.04266807809472084|-0.9617528915405273,Canonical,0.03180898725986481,"(play_game sophia chess)|(or (location sophia playground) (location sophia street))|(or (and (play_game sophia chess) (location sophia playground))
    (and (play_game sophia chess) (location sophia street)))",0.7023240327835083,0.9469273686408997|0.39410272240638733|0.7023240327835083,0.39410272240638733,,1,3,3,0.9469273686408997,,,True,1.0,-0.9504091739654541,chess|is|played|by|sophia|outside,
Complex_Event,complex_event,test,heidi plays chess in playground,(play_game heidi hide_n_seek)|(location heidi bedroom),-0.5114180445671082,-0.48732268810272217|-0.5355134010314941,Canonical,-0.1617456078529358,(play_game heidi chess)|(location heidi playground)|(and (play_game heidi chess) (location heidi playground)),0.5953381061553955,0.6921045780181885|0.8220628499984741|0.5953381061553955,0.8220628499984741,,1,2,3,0.6921045780181885,,,True,1.0,-0.9672324359416962,heidi|plays|chess|in|playground,
Complex_Event,complex_event,test,heidi plays chess outside,(play_game heidi hide_n_seek)|(location heidi bedroom)|(play_game heidi soccer),-0.6653180023034414,-0.9499213695526123|-0.07595852017402649|-0.9700741171836853,Canonical,0.016982480883598328,"(play_game heidi chess)|(or (location heidi playground) (location heidi street))|(or (and (play_game heidi chess) (location heidi playground))
    (and (play_game heidi chess) (location heidi street)))",0.6966444849967957,0.9363560080528259|0.4229680001735687|0.6966444849967957,0.4229680001735687,,1,3,3,0.9363560080528259,,,True,1.0,-0.9781301816304525,heidi|plays|chess|outside,
Complex_Event,complex_event,test,heidi plays hide-and-seek in bathroom,(location heidi playground),-0.8440564870834351,-0.8440564870834351,Canonical,-0.07236039638519287,(play_game heidi hide_n_seek)|(location heidi bathroom)|(and (play_game heidi hide_n_seek) (location heidi bathroom)),0.8324244618415833,0.9613367915153503|0.8482329249382019|0.8324244618415833,0.8482329249382019,,1,1,3,0.9613367915153503,,,True,1.0,-0.8441068530082703,heidi|plays|hide-and-seek|in|bathroom,
Complex_Event,complex_event,test,heidi plays hide-and-seek in bedroom,(play_game heidi chess)|(location heidi playground),-0.8242188692092896,-0.8109226822853088|-0.8375150561332703,Canonical,-0.062112629413604736,(play_game heidi hide_n_seek)|(location heidi bedroom)|(and (play_game heidi hide_n_seek) (location heidi bedroom)),0.8024084568023682,0.8844184875488281|0.8446236848831177|0.8024084568023682,0.8446236848831177,,1,2,3,0.8844184875488281,,,True,1.0,-0.9352242052555084,heidi|plays|hide-and-seek|in|bedroom,
Complex_Event,complex_event,test,heidi plays hide-and-seek in shower,(location heidi playground),-0.8464151620864868,-0.8464151620864868,Canonical,-0.07132241129875183,(play_game heidi hide_n_seek)|(location heidi bathroom)|(and (play_game heidi hide_n_seek) (location heidi bathroom)),0.8339405655860901,0.9599297642707825|0.8505961894989014|0.8339405655860901,0.8505961894989014,,1,1,3,0.9599297642707825,,,True,1.0,-0.8441068530082703,heidi|plays|hide-and-seek|in|shower,
Complex_Event,complex_event,test,heidi plays hide-and-seek inside,(location heidi playground)|(play_game heidi chess),-0.9143258929252625,-0.9077014923095703|-0.9209502935409546,Canonical,-0.03894233703613281,"(play_game heidi hide_n_seek)|(or (location heidi bathroom) (location heidi bedroom))|(or (and (play_game heidi hide_n_seek) (location heidi bathroom))
    (and (play_game heidi hide_n_seek) (location heidi bedroom)))",0.8823108673095703,0.9246934056282043|0.9178130030632019|0.8823108673095703,0.9178130030632019,,1,2,3,0.9246934056282043,,,True,1.0,-0.9297762215137482,heidi|plays|hide-and-seek|inside,
Complex_Event,complex_event,test,hide-and-seek is played by boy in bathroom,(location charlie playground),-0.7186034917831421,-0.7186034917831421,Canonical,-0.07211390137672424,(play_game charlie hide_n_seek)|(location charlie bathroom)|(and (play_game charlie hide_n_seek) (location charlie bathroom)),0.8122623562812805,0.9446406960487366|0.824111819267273|0.8122623562812805,0.824111819267273,,1,1,3,0.9446406960487366,,,True,1.0,-0.7693131566047668,hide-and-seek|is|played|by|boy|in|bathroom,
Complex_Event,complex_event,test,hide-and-seek is played by boy in bedroom,(play_game charlie chess)|(location charlie playground),-0.7855645418167114,-0.8710947036743164|-0.7000343799591064,Canonical,-0.04826328158378601,(play_game charlie hide_n_seek)|(location charlie bedroom)|(and (play_game charlie hide_n_seek) (location charlie bedroom)),0.7729546427726746,0.9339318871498108|0.7085039615631104|0.7729546427726746,0.7085039615631104,,1,2,3,0.9339318871498108,,,True,1.0,-0.9078514575958252,hide-and-seek|is|played|by|boy|in|bedroom,
Complex_Event,complex_event,test,hide-and-seek is played by boy in shower,(location charlie playground),-0.7061256766319275,-0.7061256766319275,Canonical,-0.07529261708259583,(play_game charlie hide_n_seek)|(location charlie bathroom)|(and (play_game charlie hide_n_seek) (location charlie bathroom)),0.8044486045837402,0.9444356560707092|0.8150467872619629|0.8044486045837402,0.8150467872619629,,1,1,3,0.9444356560707092,,,True,1.0,-0.7693131566047668,hide-and-seek|is|played|by|boy|in|shower,
Complex_Event,complex_event,test,hide-and-seek is played by boy inside,(location charlie playground)|(play_game charlie chess),-0.8478759825229645,-0.7455251216888428|-0.9502268433570862,Canonical,-0.006529748439788818,"(play_game charlie hide_n_seek)|(or (location charlie bathroom) (location charlie bedroom))|(or (and (play_game charlie hide_n_seek) (location charlie bathroom))
    (and (play_game charlie hide_n_seek) (location charlie bedroom)))",0.8595507144927979,0.9442489743232727|0.7879119515419006|0.8595507144927979,0.7879119515419006,,1,2,3,0.9442489743232727,,,True,1.0,-0.8985896706581116,hide-and-seek|is|played|by|boy|inside,
Complex_Event,complex_event,test,hide-and-seek is played by charlie in bathroom,(location charlie playground),-0.7254398465156555,-0.7254398465156555,Canonical,-0.07073977589607239,(play_game charlie hide_n_seek)|(location charlie bathroom)|(and (play_game charlie hide_n_seek) (location charlie bathroom)),0.8156002163887024,0.9443671703338623|0.8283128142356873|0.8156002163887024,0.8283128142356873,,1,1,3,0.9443671703338623,,,True,1.0,-0.7693131566047668,hide-and-seek|is|played|by|charlie|in|bathroom,
Complex_Event,complex_event,test,hide-and-seek is played by charlie in bedroom,(play_game charlie chess)|(location charlie playground),-0.7827802002429962,-0.8642016053199768|-0.7013587951660156,Canonical,-0.04862099885940552,(play_game charlie hide_n_seek)|(location charlie bedroom)|(and (play_game charlie hide_n_seek) (location charlie bedroom)),0.7709660530090332,0.9323703050613403|0.7068037986755371|0.7709660530090332,0.7068037986755371,,1,2,3,0.9323703050613403,,,True,1.0,-0.9078514575958252,hide-and-seek|is|played|by|charlie|in|bedroom,
Complex_Event,complex_event,test,hide-and-seek is played by charlie in shower,(location charlie playground),-0.711861789226532,-0.711861789226532,Canonical,-0.07403096556663513,(play_game charlie hide_n_seek)|(location charlie bathroom)|(and (play_game charlie hide_n_seek) (location charlie bathroom)),0.8075318336486816,0.9441855549812317|0.8189400434494019|0.8075318336486816,0.8189400434494019,,1,1,3,0.9441855549812317,,,True,1.0,-0.7693131566047668,hide-and-seek|is|played|by|charlie|in|shower,
Complex_Event,complex_event,test,hide-and-seek is played by charlie inside,(location charlie playground)|(play_game charlie chess),-0.8493562638759613,-0.7484052777290344|-0.9503072500228882,Canonical,-0.00666770339012146,"(play_game charlie hide_n_seek)|(or (location charlie bathroom) (location charlie bedroom))|(or (and (play_game charlie hide_n_seek) (location charlie bathroom))
    (and (play_game charlie hide_n_seek) (location charlie bedroom)))",0.8602842092514038,0.9443190097808838|0.7895848155021667|0.8602842092514038,0.7895848155021667,,1,2,3,0.9443190097808838,,,True,1.0,-0.8985896706581116,hide-and-seek|is|played|by|charlie|inside,
Complex_Event,complex_event,test,hide-and-seek is played by heidi in bathroom,(location heidi playground),-0.8374232649803162,-0.8374232649803162,Canonical,-0.07020190358161926,(play_game heidi hide_n_seek)|(location heidi bathroom)|(and (play_game heidi hide_n_seek) (location heidi bathroom)),0.8335675001144409,0.9580658674240112|0.8494729399681091|0.8335675001144409,0.8494729399681091,,1,1,3,0.9580658674240112,,,True,1.0,-0.8441068530082703,hide-and-seek|is|played|by|heidi|in|bathroom,
Complex_Event,complex_event,test,hide-and-seek is played by heidi in bedroom,(play_game heidi chess)|(location heidi playground),-0.8300682306289673,-0.8637849688529968|-0.7963514924049377,Canonical,-0.06583583354949951,(play_game heidi hide_n_seek)|(location heidi bedroom)|(and (play_game heidi hide_n_seek) (location heidi bedroom)),0.7888686060905457,0.8934398889541626|0.8159689903259277|0.7888686060905457,0.8159689903259277,,1,2,3,0.8934398889541626,,,True,1.0,-0.9352242052555084,hide-and-seek|is|played|by|heidi|in|bedroom,
Complex_Event,complex_event,test,hide-and-seek is played by heidi in shower,(location heidi playground),-0.8384963870048523,-0.8384963870048523,Canonical,-0.06992751359939575,(play_game heidi hide_n_seek)|(location heidi bathroom)|(and (play_game heidi hide_n_seek) (location heidi bathroom)),0.8335524797439575,0.9568246603012085|0.850135326385498|0.8335524797439575,0.850135326385498,,1,1,3,0.9568246603012085,,,True,1.0,-0.8441068530082703,hide-and-seek|is|played|by|heidi|in|shower,
Complex_Event,complex_event,test,hide-and-seek is played by heidi inside,(location heidi playground)|(play_game heidi chess),-0.9135366678237915,-0.8811783194541931|-0.9458950161933899,Canonical,-0.04159516096115112,"(play_game heidi hide_n_seek)|(or (location heidi bathroom) (location heidi bedroom))|(or (and (play_game heidi hide_n_seek) (location heidi bathroom))
    (and (play_game heidi hide_n_seek) (location heidi bedroom)))",0.8671732544898987,0.9154160022735596|0.90212082862854|0.8671732544898987,0.90212082862854,,1,2,3,0.9154160022735596,,,True,1.0,-0.9297762215137482,hide-and-seek|is|played|by|heidi|inside,
Complex_Event,complex_event,test,hide-and-seek is played by sophia in bathroom,(location sophia playground),-0.836315393447876,-0.836315393447876,Canonical,-0.0781257152557373,(play_game sophia hide_n_seek)|(location sophia bathroom)|(and (play_game sophia hide_n_seek) (location sophia bathroom)),0.7916949987411499,0.8869956731796265|0.852645754814148|0.7916949987411499,0.852645754814148,,1,1,3,0.8869956731796265,,,True,1.0,-0.8526832461357117,hide-and-seek|is|played|by|sophia|in|bathroom,
Complex_Event,complex_event,test,hide-and-seek is played by sophia in bedroom,(play_game sophia chess)|(location sophia playground),-0.7181123495101929,-0.7627643346786499|-0.6734603643417358,Canonical,-0.0844220221042633,(play_game sophia hide_n_seek)|(location sophia bedroom)|(and (play_game sophia hide_n_seek) (location sophia bedroom)),0.7642614841461182,0.8992721438407898|0.7980948686599731|0.7642614841461182,0.7980948686599731,,1,2,3,0.8992721438407898,,,True,1.0,-0.9574655890464783,hide-and-seek|is|played|by|sophia|in|bedroom,
Complex_Event,complex_event,test,hide-and-seek is played by sophia in shower,(location sophia playground),-0.8348723649978638,-0.8348723649978638,Canonical,-0.07889431715011597,(play_game sophia hide_n_seek)|(location sophia bathroom)|(and (play_game sophia hide_n_seek) (location sophia bathroom)),0.7901530861854553,0.8866052627563477|0.8514895439147949|0.7901530861854553,0.8514895439147949,,1,1,3,0.8866052627563477,,,True,1.0,-0.8526832461357117,hide-and-seek|is|played|by|sophia|in|shower,
Complex_Event,complex_event,test,hide-and-seek is played by sophia inside,(location sophia playground)|(play_game sophia chess),-0.84385547041893,-0.7548705339431763|-0.9328404068946838,Canonical,-0.06461307406425476,"(play_game sophia hide_n_seek)|(or (location sophia bathroom) (location sophia bedroom))|(or (and (play_game sophia hide_n_seek) (location sophia bathroom))
    (and (play_game sophia hide_n_seek) (location sophia bedroom)))",0.8165013790130615,0.9235841035842896|0.838644802570343|0.8165013790130615,0.838644802570343,,1,2,3,0.9235841035842896,,,True,1.0,-0.9433800578117371,hide-and-seek|is|played|by|sophia|inside,
Complex_Event,complex_event,test,sophia plays chess in playground,(play_game sophia hide_n_seek)|(location sophia bedroom),-0.34922281838953495,-0.6384074687957764|-0.06003816798329353,Canonical,-0.15628695487976074,(play_game sophia chess)|(location sophia playground)|(and (play_game sophia chess) (location sophia playground)),0.5678980946540833,0.7904680967330933|0.6579020023345947|0.5678980946540833,0.6579020023345947,,1,2,3,0.7904680967330933,,,True,1.0,-0.9285653531551361,sophia|plays|chess|in|playground,
Complex_Event,complex_event,test,sophia plays chess outside,(play_game sophia hide_n_seek)|(location sophia bedroom)|(play_game sophia soccer),-0.6022876997788748,-0.9610353112220764|0.13260778784751892|-0.9784355759620667,Canonical,0.060911212116479874,"(play_game sophia chess)|(or (location sophia playground) (location sophia street))|(or (and (play_game sophia chess) (location sophia playground))
    (and (play_game sophia chess) (location sophia street)))",0.5873621702194214,0.9548864364624023|0.09801547974348068|0.5873621702194214,0.09801547974348068,,1,3,3,0.9548864364624023,,,True,1.0,-0.9504091739654541,sophia|plays|chess|outside,
Complex_Event,complex_event,test,sophia plays hide-and-seek in bathroom,(location sophia playground),-0.8220053911209106,-0.8220053911209106,Canonical,-0.07774955034255981,(play_game sophia hide_n_seek)|(location sophia bathroom)|(and (play_game sophia hide_n_seek) (location sophia bathroom)),0.8035271763801575,0.9126905202865601|0.8498629331588745|0.8035271763801575,0.8498629331588745,,1,1,3,0.9126905202865601,,,True,1.0,-0.8526832461357117,sophia|plays|hide-and-seek|in|bathroom,
Complex_Event,complex_event,test,sophia plays hide-and-seek in bedroom,(play_game sophia chess)|(location sophia playground),-0.6678773462772369,-0.7143291234970093|-0.6214255690574646,Canonical,-0.09552282094955444,(play_game sophia hide_n_seek)|(location sophia bedroom)|(and (play_game sophia hide_n_seek) (location sophia bedroom)),0.7312203645706177,0.882033109664917|0.7714532613754272|0.7312203645706177,0.7714532613754272,,1,2,3,0.882033109664917,,,True,1.0,-0.9574655890464783,sophia|plays|hide-and-seek|in|bedroom,
Complex_Event,complex_event,test,sophia plays hide-and-seek in shower,(location sophia playground),-0.8176478147506714,-0.8176478147506714,Canonical,-0.07952147722244263,(play_game sophia hide_n_seek)|(location sophia bathroom)|(and (play_game sophia hide_n_seek) (location sophia bathroom)),0.8005867004394531,0.9138887524604797|0.8463276028633118|0.8005867004394531,0.8463276028633118,,1,1,3,0.9138887524604797,,,True,1.0,-0.8526832461357117,sophia|plays|hide-and-seek|in|shower,
Complex_Event,complex_event,test,sophia plays hide-and-seek inside,(location sophia playground)|(play_game sophia chess),-0.8044244050979614,-0.7117926478385925|-0.8970561623573303,Canonical,-0.07339006662368774,"(play_game sophia hide_n_seek)|(or (location sophia bathroom) (location sophia bedroom))|(or (and (play_game sophia hide_n_seek) (location sophia bathroom))
    (and (play_game sophia hide_n_seek) (location sophia bedroom)))",0.7921221256256104,0.9160001873970032|0.815024197101593|0.7921221256256104,0.815024197101593,,1,2,3,0.9160001873970032,,,True,1.0,-0.9433800578117371,sophia|plays|hide-and-seek|inside,
Basic_Event,basic_event,train,ball is played with by boy,(play_toy charlie puzzle)|(play_toy charlie doll),-0.7478584051132202,-0.9447656273841858|-0.5509511828422546,Canonical,,(play_toy charlie ball),0.7300944328308105,0.7300944328308105,,,0,2,1,,0.7300944328308105,,True,1.0,-0.7870057225227356,ball|is|played|with|by|boy,
Basic_Event,basic_event,train,ball is played with by charlie,(play_toy charlie puzzle)|(play_toy charlie doll),-0.7486905455589294,-0.9451935291290283|-0.5521875619888306,Canonical,,(play_toy charlie ball),0.7322551012039185,0.7322551012039185,,,0,2,1,,0.7322551012039185,,True,1.0,-0.7870057225227356,ball|is|played|with|by|charlie,
Basic_Event,basic_event,train,ball is played with by sophia,(play_toy sophia puzzle)|(play_toy sophia doll),-0.7888815402984619,-0.9615136981010437|-0.6162493824958801,Canonical,,(play_toy sophia ball),0.9453633427619934,0.9453633427619934,,,0,2,1,,0.9453633427619934,,True,1.0,-0.7728176712989807,ball|is|played|with|by|sophia,
Basic_Event,basic_event,train,boy plays with ball,(play_toy charlie puzzle)|(play_toy charlie doll),-0.755418211221695,-0.9501116871833801|-0.5607247352600098,Canonical,,(play_toy charlie ball),0.7268149256706238,0.7268149256706238,,,0,2,1,,0.7268149256706238,,True,1.0,-0.7870057225227356,boy|plays|with|ball,
Basic_Event,basic_event,train,boy plays with jigsaw,(play_toy charlie ball)|(play_toy charlie doll)|(play_toy heidi puzzle)|(play_toy sophia puzzle),-0.7542695552110672,-0.9797527194023132|-0.5441253781318665|-0.8406925797462463|-0.6525075435638428,Canonical,,(play_toy charlie puzzle),0.8117840886116028,0.8117840886116028,,,0,4,1,,0.8117840886116028,,True,1.0,-0.7861550748348236,boy|plays|with|jigsaw,
Basic_Event,basic_event,train,boy plays with puzzle,(play_toy charlie ball)|(play_toy charlie doll)|(play_toy heidi puzzle)|(play_toy sophia puzzle),-0.7483175545930862,-0.9807646870613098|-0.5503226518630981|-0.8374170064926147|-0.6247658729553223,Canonical,,(play_toy charlie puzzle),0.8132966160774231,0.8132966160774231,,,0,4,1,,0.8132966160774231,,True,1.0,-0.7861550748348236,boy|plays|with|puzzle,
Basic_Event,basic_event,train,charlie plays with ball,(play_toy charlie puzzle)|(play_toy charlie doll),-0.7536725401878357,-0.9495233297348022|-0.5578217506408691,Canonical,,(play_toy charlie ball),0.7265679240226746,0.7265679240226746,,,0,2,1,,0.7265679240226746,,True,1.0,-0.7870057225227356,charlie|plays|with|ball,
Basic_Event,basic_event,train,charlie plays with jigsaw,(play_toy charlie ball)|(play_toy charlie doll)|(play_toy heidi puzzle)|(play_toy sophia puzzle),-0.7545254677534103,-0.9798511266708374|-0.5447036623954773|-0.8403231501579285|-0.6532239317893982,Canonical,,(play_toy charlie puzzle),0.8119992613792419,0.8119992613792419,,,0,4,1,,0.8119992613792419,,True,1.0,-0.7861550748348236,charlie|plays|with|jigsaw,
Basic_Event,basic_event,train,charlie plays with puzzle,(play_toy charlie ball)|(play_toy charlie doll)|(play_toy heidi puzzle)|(play_toy sophia puzzle),-0.7485551834106445,-0.9808419942855835|-0.5507526397705078|-0.8370406627655029|-0.6255854368209839,Canonical,,(play_toy charlie puzzle),0.8134759068489075,0.8134759068489075,,,0,4,1,,0.8134759068489075,,True,1.0,-0.7861550748348236,charlie|plays|with|puzzle,
Basic_Event,basic_event,train,doll is played with by heidi,(play_toy heidi puzzle)|(play_toy heidi ball),-0.3359729014337063,0.043033666908741|-0.7149794697761536,Canonical,,(play_toy heidi doll),0.44159966707229614,0.44159966707229614,,,0,2,1,,0.44159966707229614,,True,1.0,-0.3224641364067793,doll|is|played|with|by|heidi,
Basic_Event,basic_event,train,doll is played with by sophia,(play_toy sophia puzzle)|(play_toy sophia ball),-0.2551724221557379,0.047220248728990555|-0.5575650930404663,Canonical,,(play_toy sophia doll),0.30162033438682556,0.30162033438682556,,,0,2,1,,0.30162033438682556,,True,1.0,-0.2723679505288601,doll|is|played|with|by|sophia,
Basic_Event,basic_event,train,heidi plays with doll,(play_toy heidi puzzle)|(play_toy heidi ball),-0.33111609518527985,0.0450873076915741|-0.7073194980621338,Canonical,,(play_toy heidi doll),0.43491291999816895,0.43491291999816895,,,0,2,1,,0.43491291999816895,,True,1.0,-0.3224641364067793,heidi|plays|with|doll,
Basic_Event,basic_event,train,heidi plays with jigsaw,(play_toy heidi ball)|(play_toy heidi doll)|(play_toy charlie puzzle)|(play_toy sophia puzzle),-0.36447765852790326,-0.9117768406867981|0.16741803288459778|-0.7156180143356323|0.0020661880262196064,Canonical,,(play_toy heidi puzzle),0.2789210081100464,0.2789210081100464,,,0,4,1,,0.2789210081100464,,True,1.0,-0.5033997297286987,heidi|plays|with|jigsaw,
Basic_Event,basic_event,train,heidi plays with puzzle,(play_toy heidi ball)|(play_toy heidi doll)|(play_toy charlie puzzle)|(play_toy sophia puzzle),-0.3657028349698521,-0.9136308431625366|0.16670794785022736|-0.7187180519104004|0.002829607343301177,Canonical,,(play_toy heidi puzzle),0.27861252427101135,0.27861252427101135,,,0,4,1,,0.27861252427101135,,True,1.0,-0.5033997297286987,heidi|plays|with|puzzle,
Basic_Event,basic_event,train,jigsaw is played with by boy,(play_toy charlie ball)|(play_toy charlie doll)|(play_toy heidi puzzle)|(play_toy sophia puzzle),-0.7575105875730515,-0.9791962504386902|-0.5431694388389587|-0.8309527039527893|-0.6767239570617676,Canonical,,(play_toy charlie puzzle),0.8094403147697449,0.8094403147697449,,,0,4,1,,0.8094403147697449,,True,1.0,-0.7861550748348236,jigsaw|is|played|with|by|boy,
Basic_Event,basic_event,train,jigsaw is played with by charlie,(play_toy charlie ball)|(play_toy charlie doll)|(play_toy heidi puzzle)|(play_toy sophia puzzle),-0.7578589171171188,-0.9781777262687683|-0.5345463156700134|-0.8303613066673279|-0.6883503198623657,Canonical,,(play_toy charlie puzzle),0.806907594203949,0.806907594203949,,,0,4,1,,0.806907594203949,,True,1.0,-0.7861550748348236,jigsaw|is|played|with|by|charlie,
Basic_Event,basic_event,train,jigsaw is played with by heidi,(play_toy heidi ball)|(play_toy heidi doll)|(play_toy charlie puzzle)|(play_toy sophia puzzle),-0.44893528148531914,-0.9097557067871094|0.18388427793979645|-0.7576666474342346|-0.312203049659729,Canonical,,(play_toy heidi puzzle),0.27481070160865784,0.27481070160865784,,,0,4,1,,0.27481070160865784,,True,1.0,-0.5033997297286987,jigsaw|is|played|with|by|heidi,
Basic_Event,basic_event,train,puzzle is played with by boy,(play_toy charlie ball)|(play_toy charlie doll)|(play_toy heidi puzzle)|(play_toy sophia puzzle),-0.7562265694141388,-0.9795694351196289|-0.5434618592262268|-0.8300062417984009|-0.6718687415122986,Canonical,,(play_toy charlie puzzle),0.8092989921569824,0.8092989921569824,,,0,4,1,,0.8092989921569824,,True,1.0,-0.7861550748348236,puzzle|is|played|with|by|boy,
Basic_Event,basic_event,train,puzzle is played with by charlie,(play_toy charlie ball)|(play_toy charlie doll)|(play_toy heidi puzzle)|(play_toy sophia puzzle),-0.7565897107124329,-0.9785776138305664|-0.5345644354820251|-0.8294327855110168|-0.683784008026123,Canonical,,(play_toy charlie puzzle),0.8067335486412048,0.8067335486412048,,,0,4,1,,0.8067335486412048,,True,1.0,-0.7861550748348236,puzzle|is|played|with|by|charlie,
Basic_Event,basic_event,train,puzzle is played with by heidi,(play_toy heidi ball)|(play_toy heidi doll)|(play_toy charlie puzzle)|(play_toy sophia puzzle),-0.4506210871040821,-0.9123711585998535|0.18630819022655487|-0.7711373567581177|-0.3052840232849121,Canonical,,(play_toy heidi puzzle),0.2744714617729187,0.2744714617729187,,,0,4,1,,0.2744714617729187,,True,1.0,-0.5033997297286987,puzzle|is|played|with|by|heidi,
Basic_Event,basic_event,train,sophia plays with ball,(play_toy sophia puzzle)|(play_toy sophia doll),-0.8026686310768127,-0.9749029874801636|-0.6304342746734619,Canonical,,(play_toy sophia ball),0.9448786377906799,0.9448786377906799,,,0,2,1,,0.9448786377906799,,True,1.0,-0.7728176712989807,sophia|plays|with|ball,
Basic_Event,basic_event,train,sophia plays with doll,(play_toy sophia puzzle)|(play_toy sophia ball),-0.2509252857416868,0.04154536500573158|-0.5433959364891052,Canonical,,(play_toy sophia doll),0.29878515005111694,0.29878515005111694,,,0,2,1,,0.29878515005111694,,True,1.0,-0.2723679505288601,sophia|plays|with|doll,
Basic_Event,basic_event,test,ball is played with by heidi,(play_toy heidi puzzle)|(play_toy heidi doll),-0.5968327522277832,-0.6143917441368103|-0.5792737603187561,Canonical,,(play_toy heidi ball),0.8925378918647766,0.8925378918647766,,,0,2,1,,0.8925378918647766,,True,1.0,-0.7303893268108368,ball|is|played|with|by|heidi,
Basic_Event,basic_event,test,boy plays with doll,(play_toy charlie puzzle)|(play_toy charlie ball),-0.5813654363155365,-0.4611584544181824|-0.7015724182128906,Canonical,,(play_toy charlie doll),0.6413846611976624,0.6413846611976624,,,0,2,1,,0.6413846611976624,,True,1.0,-0.5872128009796143,boy|plays|with|doll,
Basic_Event,basic_event,test,charlie plays with doll,(play_toy charlie puzzle)|(play_toy charlie ball),-0.5816322565078735,-0.46016883850097656|-0.7030956745147705,Canonical,,(play_toy charlie doll),0.6416342854499817,0.6416342854499817,,,0,2,1,,0.6416342854499817,,True,1.0,-0.5872128009796143,charlie|plays|with|doll,
Basic_Event,basic_event,test,doll is played with by boy,(play_toy charlie puzzle)|(play_toy charlie ball),-0.6520504355430603,-0.6014623045921326|-0.702638566493988,Canonical,,(play_toy charlie doll),0.6664857268333435,0.6664857268333435,,,0,2,1,,0.6664857268333435,,True,1.0,-0.5872128009796143,doll|is|played|with|by|boy,
Basic_Event,basic_event,test,doll is played with by charlie,(play_toy charlie puzzle)|(play_toy charlie ball),-0.6496022343635559,-0.6019359827041626|-0.6972684860229492,Canonical,,(play_toy charlie doll),0.6688202619552612,0.6688202619552612,,,0,2,1,,0.6688202619552612,,True,1.0,-0.5872128009796143,doll|is|played|with|by|charlie,
Basic_Event,basic_event,test,heidi plays with ball,(play_toy heidi puzzle)|(play_toy heidi doll),-0.5537067949771881,-0.5806479454040527|-0.5267656445503235,Canonical,,(play_toy heidi ball),0.8854859471321106,0.8854859471321106,,,0,2,1,,0.8854859471321106,,True,1.0,-0.7303893268108368,heidi|plays|with|ball,
Basic_Event,basic_event,test,jigsaw is played with by sophia,(play_toy sophia ball)|(play_toy sophia doll)|(play_toy charlie puzzle)|(play_toy heidi puzzle),-0.315059931948781,-0.7843734622001648|0.06222296878695488|-0.5564833879470825|0.01839415356516838,Canonical,,(play_toy sophia puzzle),0.4301334619522095,0.4301334619522095,,,0,4,1,,0.4301334619522095,,True,1.0,-0.5380656961351633,jigsaw|is|played|with|by|sophia,
Basic_Event,basic_event,test,puzzle is played with by sophia,(play_toy sophia ball)|(play_toy sophia doll)|(play_toy charlie puzzle)|(play_toy heidi puzzle),-0.3214048659428954,-0.7951300740242004|0.0642349049448967|-0.5727140307426453|0.017989736050367355,Canonical,,(play_toy sophia puzzle),0.43191927671432495,0.43191927671432495,,,0,4,1,,0.43191927671432495,,True,1.0,-0.5380656961351633,puzzle|is|played|with|by|sophia,
Basic_Event,basic_event,test,sophia plays with jigsaw,(play_toy sophia ball)|(play_toy sophia doll)|(play_toy charlie puzzle)|(play_toy heidi puzzle),-0.29246050771325827,-0.7188348174095154|0.05475718900561333|-0.5241553783416748|0.018390975892543793,Canonical,,(play_toy sophia puzzle),0.43684202432632446,0.43684202432632446,,,0,4,1,,0.43684202432632446,,True,1.0,-0.5380656961351633,sophia|plays|with|jigsaw,
Basic_Event,basic_event,test,sophia plays with puzzle,(play_toy sophia ball)|(play_toy sophia doll)|(play_toy charlie puzzle)|(play_toy heidi puzzle),-0.3108428115956485,-0.7538814544677734|0.05626710131764412|-0.5630208253860474|0.017263932153582573,Canonical,,(play_toy sophia puzzle),0.44983941316604614,0.44983941316604614,,,0,4,1,,0.44983941316604614,,True,1.0,-0.5380656961351633,sophia|plays|with|puzzle,
